CustomerID,Name,Email,Phone,Address
1,Jason Lloyd,apriltanner@example.net,281.817.4524x565,"PSC 3377, Box 3625, APO AE 47660"
2,Bruce Vega,sophiacarter@example.com,+1-586-564-0843x245,"378 Gonzalez Rapid Apt. 323, Louisberg, NC 17927"
3,Scott Mcbride,cparker@example.com,+1-215-960-7405,"44403 Julie Haven Apt. 091, Burgessfort, OH 67974"
4,William Fletcher,johnflores@example.org,001-864-744-4830,"27385 Michelle Rapid, South Michelle, MH 02958"
5,Christina Molina,eramirez@example.com,(768)889-6941x26471,"867 Michael Greens, Clarkmouth, GU 30700"
6,Kevin James,sarahanderson@example.net,621.436.1653x3513,"74154 Regina Junctions, Francistown, MT 07618"
7,Rachel Peterson,amber39@example.net,(855)221-1498,"907 William Route Suite 768, West Jose, MS 08225"
8,Rebecca Ellis,ztate@example.net,3887741336,"026 Clark Street Apt. 206, Harperbury, WA 31311"
9,Christian Reyes,aguilaramy@example.org,+1-453-403-0388x7652,"139 Navarro Forges, East Travis, TX 67172"
10,Kathleen Garcia,williamsonrachael@example.com,941-856-5391x3413,"107 Claudia Mountain, West Joseph, PA 81914"
11,Jared Howell,hwright@example.net,+1-221-748-5199x527,"7136 Sarah Underpass Apt. 750, North Jeremychester, ND 95356"
12,Selena Hunter,omalone@example.net,214-954-6963x2253,"16426 Abigail Club Suite 592, Patrickmouth, GU 75103"
13,Sarah Copeland,cunninghamjerry@example.org,(778)724-6205x929,"14958 Michael Ridges, Laurenfurt, PR 69810"
14,James Hawkins MD,jessehays@example.org,+1-201-761-0625x0837,"5649 Sanchez Springs, East Johnport, IA 65807"
15,Daniel Martin,sparker@example.net,915-773-3418x412,"477 Price Gardens Suite 946, Port Rhonda, IA 94423"
16,Olivia Weber,taylorgina@example.net,(201)668-2021x7604,"36442 Williams Point, Lindamouth, MT 97842"
17,Kayla Raymond,gary81@example.com,9532597544,"51547 Ingram Pine, Port Chadview, FL 15865"
18,Amanda Fox,andreaibarra@example.net,+1-430-947-3587,"00267 Kenneth Key, Kimberlymouth, MI 58130"
19,Lance Williamson,ginamaxwell@example.net,(339)230-8411,"2542 Beth Spur Apt. 504, Dillontown, MT 97266"
20,Kyle Potter,millercarolyn@example.net,766-495-4991,"0890 Weaver Shoal Suite 411, Hayesville, CO 01135"
21,Brett Hardy,sarahwilson@example.org,(279)911-0481x61301,"54358 Johnson Course Suite 812, North Theresachester, NJ 74521"
22,Kimberly Edwards,orozcosandra@example.net,001-361-252-2594x626,"88077 Chavez Cape Apt. 441, Michaelfurt, NC 52575"
23,Jonathan Rodriguez,lallen@example.org,(851)990-9176,"425 White Plains Suite 873, Lake Joseph, FM 15760"
24,Katie Munoz,erica08@example.net,740-437-0331x313,"84603 Davis View Apt. 551, East Caitlinview, MN 94659"
25,Karen Michael,ismall@example.net,(793)426-7158x2885,"57845 Dominique Keys, Gonzalezville, CO 57699"
26,Sarah Jones,nelsonalexis@example.com,(590)312-5963x249,"081 Scott Parks Apt. 199, South Erinville, SC 39043"
27,Emily Phillips,bjacobson@example.org,327-345-4513x37766,"553 Hawkins Meadow Apt. 623, Port Brandonmouth, IL 51775"
28,Tammy Schultz,penny66@example.org,726-322-2222x286,"Unit 8533 Box 3116, DPO AA 02140"
29,Benjamin Rodriguez,clarksarah@example.com,(827)900-2855,"22096 Frank Port, Lake Leon, MD 30659"
30,Debra Glover,clarkroberta@example.net,001-930-526-6998x405,"Unit 0971 Box 4291, DPO AE 18653"
31,Krista Blackburn,margaret60@example.com,638.586.4237,"Unit 0906 Box 1729, DPO AP 01365"
32,Paula White,millerfrancisco@example.net,6827318868,"02882 Henderson Valley, Julieport, NM 09273"
33,Monica Roberts,spearsanne@example.org,+1-365-462-0181x053,"4119 Diane Key, Brittanyville, KY 65323"
34,Amy Salazar,suehayes@example.com,(261)782-7140,"06118 Roberts Expressway, Lake Georgeland, VA 84482"
35,Kathleen Nixon,patrick76@example.org,399.283.9325,"115 Andrew Glens, Mitchellside, WI 68818"
36,Shane Jones,cwilliams@example.org,512-313-4274,"81188 Jones Ridges Apt. 475, West Sarahside, NM 62560"
37,Raymond Ochoa,lori71@example.org,346.915.2905x701,"28450 Brian Crossing, Perezside, WV 66320"
38,Tracie Bailey,john97@example.org,001-876-465-5893x5117,"4429 Edward Light, Nathanielmouth, CT 53423"
39,Kelsey Greene,carterluis@example.org,(752)864-6362,"Unit 9254 Box 7057, DPO AE 02185"
40,Daniel Jones,dbrown@example.org,(691)813-8804x7059,"6754 Mccall Lodge, Barnettview, MA 22674"
41,Amy Hanson,lopezdavid@example.org,627.770.6739x21870,"USS Wells, FPO AE 29403"
42,Christopher Williams,richardwilliams@example.org,279-360-6747,"0072 Stafford Wells Apt. 423, Lake Lauraville, NV 81633"
43,Lauren Johnson,jennifer06@example.org,332.614.4334x7859,"PSC 7024, Box 7387, APO AE 44391"
44,Kayla Harrington,luis36@example.net,918-421-4622,"11769 April Flat Apt. 551, Dustinshire, OH 29203"
45,Zoe Blair,hendersonkara@example.org,690-221-4411x58950,"519 Sarah Inlet, Jessicabury, TX 86959"
46,Lynn Mcclure,dustin77@example.org,300.907.5104x86408,"02591 Bennett Street, Port Lisa, FM 51572"
47,Brenda Carter,martha69@example.org,5795909436,"169 Goodwin Pine, North Danielberg, SC 22645"
48,Michael Thomas,lydiaharper@example.net,255-750-9314x21090,"66952 Garner Groves Apt. 559, Lake Maureen, MI 95961"
49,Kristin Lewis,smithkathryn@example.com,439-549-6183x423,"463 Murillo Prairie, New Kennethmouth, CO 14761"
50,Jessica Lynn,tim00@example.org,001-479-877-8428x582,"96293 Gonzales Center, Port Kellyville, NV 71279"
51,Jessica Smith,lunaelizabeth@example.com,710-974-0317x79668,"44367 Frost Trace Apt. 274, Susantown, AK 95589"
52,David Richard,kmurray@example.org,+1-402-926-5523x47455,"4112 James Locks, Port Valeriehaven, PW 60587"
53,Jessica Wade,amanda00@example.com,+1-314-546-8339x885,"46333 Cox Haven, East Janetshire, PR 10808"
54,Anthony Meyer,hbailey@example.net,(344)608-0664x90622,"40516 Phillip Fall, Franciston, PW 00992"
55,Jenny Thomas,qcooper@example.net,(366)421-7850,"72127 King Stravenue, Zacharymouth, WA 99407"
56,Vernon Rogers,lauraponce@example.org,+1-554-911-4601x67143,"529 Baird Springs, East Williamchester, NC 10172"
57,Ms. Lisa Morgan,awhite@example.com,(713)774-6324,"474 Powell Causeway, Kellybury, VT 66810"
58,Melissa Carter,johnsontheresa@example.net,2729613345,"031 Samantha Harbors Apt. 386, North Christystad, VA 09937"
59,Kim Morales,sstafford@example.com,001-957-932-9647x617,"23624 Eric Garden, Christopherland, IA 11772"
60,Oscar Curry,qmorales@example.org,+1-716-673-8060,"94663 Christian Squares, North Martin, PA 83089"
61,Jeremy Hill,johnsonbrittany@example.com,637.685.5618x302,"3242 Christine Isle Apt. 069, Port Madisonview, CO 22373"
62,Jerry Ramirez,matthewsullivan@example.org,+1-775-248-1079x019,"701 Renee Burgs Apt. 106, East Daniel, OR 23383"
63,Mary Smith,robert46@example.com,609.389.3339x151,"107 Parker Road, South Erikfort, WI 39971"
64,Annette Abbott,bparks@example.org,001-289-889-6847x008,"673 Bruce Plain Suite 731, Simmonston, MN 13662"
65,Jimmy Douglas,qtownsend@example.org,319-814-7461x20113,"354 Richard Cape, Brendaburgh, DC 42256"
66,Mark Robinson,morganangel@example.org,643-568-7937x1242,"89530 Alicia Canyon Suite 739, Williamsfurt, GU 60096"
67,Russell Ferguson,bradfordmargaret@example.net,946-865-5782x09463,"7405 Santiago Route Apt. 206, Jasonburgh, LA 44748"
68,Robert Park,tjacobs@example.com,9943376179,"67441 Weaver Court, West Travisberg, TX 62655"
69,Cody Jones,xdennis@example.net,347-833-8833x760,"PSC 2500, Box 4347, APO AA 18065"
70,Jasmine Powell,xjones@example.com,602.958.6582x33385,"2758 Kyle Fords, Michaelside, WY 69246"
71,John Gomez,tcollins@example.com,001-574-244-6992x293,"5161 Warren Field, North Tracey, UT 71942"
72,Scott Fernandez,thompsonjoseph@example.com,001-649-853-9251x6794,"0931 Wall Loaf, Phelpsfort, MT 97542"
73,Jordan Riley,leejohn@example.com,001-817-828-1729x165,"Unit 7929 Box 0017, DPO AE 33349"
74,Steven Nelson,ambermartin@example.net,646.988.3574x776,"4395 Erica Rapid Suite 060, Port Michaelburgh, OH 64481"
75,Jesse Wallace DVM,bspears@example.com,313.365.3153x45960,"722 Golden Pine, Port Janet, CA 77007"
76,Robert Franco,nfox@example.net,+1-898-701-3377x30828,"48625 Davis Shore Apt. 687, Mannington, OR 04689"
77,Russell Wilson,nhale@example.net,(730)620-7096x396,"12329 Orr Turnpike, Reynoldsborough, NE 91289"
78,Justin Hodge,johnsingh@example.com,(549)456-0662,"713 Ian Park Apt. 994, Bradleytown, HI 85286"
79,Michael Quinn,wellsnicole@example.com,4102010297,"5234 Ricardo Throughway Apt. 459, Berryfort, NV 35258"
80,Susan Anderson,vjefferson@example.net,429-609-3474,"27729 Walker Alley Apt. 771, Orrland, CO 22709"
81,Matthew Griffith,ryanmeyers@example.net,977.772.0806x36862,"003 Ryan Streets Suite 126, New Yvonneburgh, MT 16374"
82,Joshua Hoover DVM,thomasstephanie@example.com,(356)860-9608x94330,"33299 Thomas Camp Apt. 452, Lindafurt, TX 92812"
83,Daniel Payne,amymiller@example.org,001-245-607-8938x5637,"061 Smith Camp Suite 916, Santoshaven, WY 02418"
84,Bonnie Gray,prodriguez@example.org,8189725952,"7538 Lindsey Gateway Suite 956, West Alexandra, ID 79564"
85,Joseph Craig Jr.,angel41@example.org,771.978.6392x2049,"4039 Kristina Crest Apt. 954, Michaelview, OH 60832"
86,Benjamin Edwards,lorettawaters@example.net,747-294-0373,"13065 Kelly Manors, West Loganview, ND 85960"
87,Joshua Jones,christopherpayne@example.org,379.859.2264x541,"PSC 1447, Box 5938, APO AP 98309"
88,Paul Lewis,rwilliamson@example.net,378.683.9099,"49543 Michael Pass, Brianchester, SD 04531"
89,Michael Braun,brobertson@example.org,+1-929-304-1043,"474 Casey Mall Apt. 681, South Nicholasberg, LA 43310"
90,Russell Olsen,kevin31@example.net,(536)343-4919,"86381 Whitney Point Apt. 593, Ericaside, OK 61741"
91,Lindsay Johnson,etorres@example.org,+1-920-724-5657,"292 Smith Mill Apt. 524, Stacyberg, SC 59963"
92,John Chavez,littlejennifer@example.net,+1-596-654-4133x708,"683 Paul Village Suite 908, Mackenzieberg, TX 52660"
93,William Martin,pamela56@example.net,439.950.3703,"459 Kathryn Inlet, Lutzside, MT 01421"
94,Dr. Nicholas Miller,christinewoods@example.net,+1-592-821-7378,"4792 Pierce Neck Suite 681, North Melissa, NJ 31356"
95,Robert Sloan,tiffany35@example.net,(978)351-4853x548,"202 Randall Lights, West Nancyville, IN 35116"
96,William Clayton,anthony85@example.net,+1-630-280-8349x355,"126 Sanders Station Suite 600, Penaport, NV 22082"
97,Dana Knapp,rcalhoun@example.org,377.398.1402x2723,"552 Martinez Gardens, Charlestown, NV 22503"
98,Sylvia Smith,smithandrea@example.net,+1-204-443-0011x57668,"1372 Curtis Harbor Apt. 324, East Ginaside, VT 05226"
99,Kevin Stewart,lopezbrandy@example.org,+1-217-669-8782x389,"1178 Wilson Corners, West Stephanie, ME 76385"
100,Eduardo Griffin,whorton@example.net,981-589-9535x34432,"9985 Orr Glen Apt. 967, East James, FM 94264"
